﻿<?xml version="1.0" encoding="utf-8"?>
<!--DO NOT EDIT. This document is generated by PSoC Creator design builds.-->
<PSoCCreatorIdeExport Version="1">
  <Device Part="CY8C5888LTI-LP097" Processor="CortexM3" DeviceID="2E161069" />
  <Toolchains>
    <Toolchain Name="ARM GCC Generic" Selected="True">
      <Tool Name="prebuild" Command="" Options="" />
      <Tool Name="assembler" Command="arm-none-eabi-as.exe" Options="-mcpu=cortex-m3 -mthumb -I. -IGenerated_Source\PSoC5 -alh=${OutputDir}/${CompileFile}.lst -g -W" />
      <Tool Name="compiler" Command="arm-none-eabi-gcc.exe" Options="-mcpu=cortex-m3 -mthumb -I. -IGenerated_Source\PSoC5 -Wa,-alh=${OutputDir}/${CompileFile}.lst -g -D DEBUG -D CY_CORE_ID=0 -Wall -ffunction-sections -ffat-lto-objects -Og" />
      <Tool Name="linker" Command="arm-none-eabi-gcc.exe" Options="-mcpu=cortex-m3 -mthumb -L Generated_Source\PSoC5 -Wl,-Map,${OutputDir}/${ProjectShortName}.map -T Generated_Source\PSoC5\cm3gcc.ld -specs=nano.specs -Wl,--gc-sections -g -ffunction-sections -Og -ffat-lto-objects" />
      <Tool Name="postbuild" Command="" Options="" />
    </Toolchain>
    <Toolchain Name="ARM MDK Generic" Selected="False">
      <Tool Name="prebuild" Command="" Options="" />
      <Tool Name="assembler" Command="armasm.exe" Options="--cpu=Cortex-M3 --diag_style=gnu --thumb -i. -iGenerated_Source\PSoC5 -g --list=${OutputDir}/${CompileFile}.lst &quot;--predefine=__MICROLIB SETA 1&quot;" />
      <Tool Name="compiler" Command="armcc.exe" Options="--cpu=Cortex-M3 --C99 --diag_style=gnu -I. -IGenerated_Source\PSoC5 --list --signed_chars -g -D DEBUG -D CY_CORE_ID=0 -O0 --split_sections -D__MICROLIB" />
      <Tool Name="linker" Command="armlink.exe" Options="--cpu=Cortex-M3 --diag_style=gnu --no_startup --library_type=microlib --map --list ${OutputDir}/${ProjectShortName}.map --scatter Generated_Source\PSoC5\Cm3RealView.scat" />
      <Tool Name="postbuild" Command="" Options="" />
    </Toolchain>
    <Toolchain Name="ARM IAR Generic" Selected="False">
      <Tool Name="prebuild" Command="" Options="" />
      <Tool Name="assembler" Command="iasmarm.exe" Options="--cpu Cortex-M3 -I. -IGenerated_Source\PSoC5 -s+ -M&lt;&gt; -w+ -r -DDEBUG --fpu None" />
      <Tool Name="compiler" Command="iccarm.exe" Options="--cpu Cortex-M3 -I. -IGenerated_Source\PSoC5 -D DEBUG -D CY_CORE_ID=0 -I. -IGenerated_Source\PSoC5 -D DEBUG -D CY_CORE_ID=0 --no_cse --no_unroll --no_inline --no_code_motion --no_tbaa --no_clustering --no_scheduling --debug --endian=little -e --fpu=None -On --no_wrap_diagnostics" />
      <Tool Name="linker" Command="ilinkarm.exe" Options="--semihosting --entry __iar_program_start --config Generated_Source\PSoC5\Cm3Iar.icf" />
      <Tool Name="postbuild" Command="" Options="" />
    </Toolchain>
  </Toolchains>
  <Project Name="ProjetAEI" Path="C:\Users\eleves\Documents\PSoC Creator\ProjetAEI\ProjetAEI.cydsn" Version="5.70" Type="Normal">
    <CMSIS_SVD_File>ProjetAEI.svd</CMSIS_SVD_File>
    <Datasheet />
    <LinkerFiles>
      <LinkerFile Toolchain="ARM GCC Generic">.\Generated_Source\PSoC5\cm3gcc.ld</LinkerFile>
      <LinkerFile Toolchain="ARM MDK Generic">.\Generated_Source\PSoC5\Cm3RealView.scat</LinkerFile>
      <LinkerFile Toolchain="ARM IAR Generic">.\Generated_Source\PSoC5\Cm3Iar.icf</LinkerFile>
    </LinkerFiles>
    <Folders>
      <Folder BuildType="STRICT" Path="C:\Users\eleves\Documents\PSoC Creator\ProjetAEI\ProjetAEI.cydsn">
        <Files Root="C:\Users\eleves\Documents\PSoC Creator\ProjetAEI\ProjetAEI.cydsn">
          <File BuildType="BUILD" Toolchain="">main.c</File>
          <File BuildType="BUILD" Toolchain="">cyapicallbacks.h</File>
        </Files>
      </Folder>
      <Folder BuildType="STRICT" Path="C:\Users\eleves\Documents\PSoC Creator\ProjetAEI\ProjetAEI.cydsn\Generated_Source\PSoC5">
        <Files Root="C:\Users\eleves\Documents\PSoC Creator\ProjetAEI\ProjetAEI.cydsn">
          <File BuildType="BUILD" Toolchain="">Generated_Source\PSoC5\cyfitter_cfg.h</File>
          <File BuildType="BUILD" Toolchain="">Generated_Source\PSoC5\cyfitter_cfg.c</File>
          <File BuildType="BUILD" Toolchain="">Generated_Source\PSoC5\cymetadata.c</File>
          <File BuildType="BUILD" Toolchain="">Generated_Source\PSoC5\cydevice.h</File>
          <File BuildType="BUILD" Toolchain="">Generated_Source\PSoC5\cydevicegnu.inc</File>
          <File BuildType="BUILD" Toolchain="">Generated_Source\PSoC5\cydevicerv.inc</File>
          <File BuildType="BUILD" Toolchain="">Generated_Source\PSoC5\cydeviceiar.inc</File>
          <File BuildType="BUILD" Toolchain="">Generated_Source\PSoC5\cydevice_trm.h</File>
          <File BuildType="BUILD" Toolchain="">Generated_Source\PSoC5\cydevicegnu_trm.inc</File>
          <File BuildType="BUILD" Toolchain="">Generated_Source\PSoC5\cydevicerv_trm.inc</File>
          <File BuildType="BUILD" Toolchain="">Generated_Source\PSoC5\cydeviceiar_trm.inc</File>
          <File BuildType="BUILD" Toolchain="">Generated_Source\PSoC5\cyfittergnu.inc</File>
          <File BuildType="BUILD" Toolchain="">Generated_Source\PSoC5\cyfitterrv.inc</File>
          <File BuildType="BUILD" Toolchain="">Generated_Source\PSoC5\cyfitteriar.inc</File>
          <File BuildType="BUILD" Toolchain="">Generated_Source\PSoC5\cyfitter.h</File>
          <File BuildType="BUILD" Toolchain="">Generated_Source\PSoC5\cydisabledsheets.h</File>
          <File BuildType="BUILD" Toolchain="ARM GCC Generic">Generated_Source\PSoC5\cm3gcc.ld</File>
          <File BuildType="BUILD" Toolchain="ARM MDK Generic">Generated_Source\PSoC5\Cm3RealView.scat</File>
          <File BuildType="BUILD" Toolchain="">Generated_Source\PSoC5\Cm3Start.c</File>
          <File BuildType="BUILD" Toolchain="">Generated_Source\PSoC5\core_cm3.h</File>
          <File BuildType="BUILD" Toolchain="">Generated_Source\PSoC5\core_cm3_psoc5.h</File>
          <File BuildType="BUILD" Toolchain="ARM GCC Generic">Generated_Source\PSoC5\CyBootAsmGnu.s</File>
          <File BuildType="BUILD" Toolchain="ARM MDK Generic">Generated_Source\PSoC5\CyBootAsmRv.s</File>
          <File BuildType="BUILD" Toolchain="">Generated_Source\PSoC5\CyDmac.c</File>
          <File BuildType="BUILD" Toolchain="">Generated_Source\PSoC5\CyDmac.h</File>
          <File BuildType="BUILD" Toolchain="">Generated_Source\PSoC5\CyFlash.c</File>
          <File BuildType="BUILD" Toolchain="">Generated_Source\PSoC5\CyFlash.h</File>
          <File BuildType="BUILD" Toolchain="">Generated_Source\PSoC5\CyLib.c</File>
          <File BuildType="BUILD" Toolchain="">Generated_Source\PSoC5\CyLib.h</File>
          <File BuildType="BUILD" Toolchain="">Generated_Source\PSoC5\cypins.h</File>
          <File BuildType="BUILD" Toolchain="">Generated_Source\PSoC5\cyPm.c</File>
          <File BuildType="BUILD" Toolchain="">Generated_Source\PSoC5\cyPm.h</File>
          <File BuildType="BUILD" Toolchain="">Generated_Source\PSoC5\CySpc.c</File>
          <File BuildType="BUILD" Toolchain="">Generated_Source\PSoC5\CySpc.h</File>
          <File BuildType="BUILD" Toolchain="">Generated_Source\PSoC5\cytypes.h</File>
          <File BuildType="BUILD" Toolchain="">Generated_Source\PSoC5\cyutils.c</File>
          <File BuildType="BUILD" Toolchain="">Generated_Source\PSoC5\core_cmFunc.h</File>
          <File BuildType="BUILD" Toolchain="">Generated_Source\PSoC5\core_cmInstr.h</File>
          <File BuildType="BUILD" Toolchain="ARM IAR Generic">Generated_Source\PSoC5\Cm3Iar.icf</File>
          <File BuildType="BUILD" Toolchain="ARM IAR Generic">Generated_Source\PSoC5\CyBootAsmIar.s</File>
          <File BuildType="BUILD" Toolchain="">Generated_Source\PSoC5\cmsis_armcc.h</File>
          <File BuildType="BUILD" Toolchain="">Generated_Source\PSoC5\cmsis_gcc.h</File>
          <File BuildType="BUILD" Toolchain="">Generated_Source\PSoC5\cmsis_compiler.h</File>
          <File BuildType="BUILD" Toolchain="">Generated_Source\PSoC5\cy_em_eeprom.c</File>
          <File BuildType="BUILD" Toolchain="">Generated_Source\PSoC5\cy_em_eeprom.h</File>
          <File BuildType="BUILD" Toolchain="">Generated_Source\PSoC5\project.h</File>
          <File BuildType="BUILD" Toolchain="">Generated_Source\PSoC5\cycodeshareimport.ld</File>
          <File BuildType="BUILD" Toolchain="">Generated_Source\PSoC5\cycodeshareexport.ld</File>
          <File BuildType="BUILD" Toolchain="">Generated_Source\PSoC5\cycodeshareimport.scat</File>
          <File BuildType="BUILD" Toolchain="">Generated_Source\PSoC5\Tension_aliases.h</File>
          <File BuildType="BUILD" Toolchain="">Generated_Source\PSoC5\Tension.c</File>
          <File BuildType="BUILD" Toolchain="">Generated_Source\PSoC5\Tension.h</File>
          <File BuildType="BUILD" Toolchain="">Generated_Source\PSoC5\comp_surintensite.c</File>
          <File BuildType="BUILD" Toolchain="">Generated_Source\PSoC5\comp_surintensite.h</File>
          <File BuildType="BUILD" Toolchain="">Generated_Source\PSoC5\comp_surintensite_PM.c</File>
          <File BuildType="BUILD" Toolchain="">Generated_Source\PSoC5\I_commande_aliases.h</File>
          <File BuildType="BUILD" Toolchain="">Generated_Source\PSoC5\I_commande.c</File>
          <File BuildType="BUILD" Toolchain="">Generated_Source\PSoC5\I_commande.h</File>
          <File BuildType="BUILD" Toolchain="">Generated_Source\PSoC5\I_Defaut_aliases.h</File>
          <File BuildType="BUILD" Toolchain="">Generated_Source\PSoC5\I_Defaut.c</File>
          <File BuildType="BUILD" Toolchain="">Generated_Source\PSoC5\I_Defaut.h</File>
          <File BuildType="BUILD" Toolchain="">Generated_Source\PSoC5\Temperature_aliases.h</File>
          <File BuildType="BUILD" Toolchain="">Generated_Source\PSoC5\Temperature.c</File>
          <File BuildType="BUILD" Toolchain="">Generated_Source\PSoC5\Temperature.h</File>
          <File BuildType="BUILD" Toolchain="">Generated_Source\PSoC5\Enable_aliases.h</File>
          <File BuildType="BUILD" Toolchain="">Generated_Source\PSoC5\Enable.c</File>
          <File BuildType="BUILD" Toolchain="">Generated_Source\PSoC5\Enable.h</File>
          <File BuildType="BUILD" Toolchain="">Generated_Source\PSoC5\Iref_aliases.h</File>
          <File BuildType="BUILD" Toolchain="">Generated_Source\PSoC5\Iref.c</File>
          <File BuildType="BUILD" Toolchain="">Generated_Source\PSoC5\Iref.h</File>
          <File BuildType="BUILD" Toolchain="">Generated_Source\PSoC5\Commande.c</File>
          <File BuildType="BUILD" Toolchain="">Generated_Source\PSoC5\Commande.h</File>
          <File BuildType="BUILD" Toolchain="">Generated_Source\PSoC5\Commande_PM.c</File>
          <File BuildType="BUILD" Toolchain="">Generated_Source\PSoC5\PWM1_aliases.h</File>
          <File BuildType="BUILD" Toolchain="">Generated_Source\PSoC5\PWM1.c</File>
          <File BuildType="BUILD" Toolchain="">Generated_Source\PSoC5\PWM1.h</File>
          <File BuildType="BUILD" Toolchain="">Generated_Source\PSoC5\RX_1_aliases.h</File>
          <File BuildType="BUILD" Toolchain="">Generated_Source\PSoC5\RX_1.c</File>
          <File BuildType="BUILD" Toolchain="">Generated_Source\PSoC5\RX_1.h</File>
          <File BuildType="BUILD" Toolchain="">Generated_Source\PSoC5\TX_1_aliases.h</File>
          <File BuildType="BUILD" Toolchain="">Generated_Source\PSoC5\TX_1.c</File>
          <File BuildType="BUILD" Toolchain="">Generated_Source\PSoC5\TX_1.h</File>
          <File BuildType="BUILD" Toolchain="">Generated_Source\PSoC5\CAN_1.c</File>
          <File BuildType="BUILD" Toolchain="">Generated_Source\PSoC5\CAN_1.h</File>
          <File BuildType="BUILD" Toolchain="">Generated_Source\PSoC5\CAN_1_INT.c</File>
          <File BuildType="BUILD" Toolchain="">Generated_Source\PSoC5\CAN_1_PM.c</File>
          <File BuildType="BUILD" Toolchain="">Generated_Source\PSoC5\CAN_1_TX_RX_func.c</File>
          <File BuildType="BUILD" Toolchain="">Generated_Source\PSoC5\Thermistor_1.c</File>
          <File BuildType="BUILD" Toolchain="">Generated_Source\PSoC5\Thermistor_1.h</File>
          <File BuildType="BUILD" Toolchain="">Generated_Source\PSoC5\Clock_ADC.c</File>
          <File BuildType="BUILD" Toolchain="">Generated_Source\PSoC5\Clock_ADC.h</File>
          <File BuildType="BUILD" Toolchain="">Generated_Source\PSoC5\ADC_current.c</File>
          <File BuildType="BUILD" Toolchain="">Generated_Source\PSoC5\ADC_current.h</File>
          <File BuildType="BUILD" Toolchain="">Generated_Source\PSoC5\ADC_current_INT.c</File>
          <File BuildType="BUILD" Toolchain="">Generated_Source\PSoC5\ADC_current_PM.c</File>
          <File BuildType="BUILD" Toolchain="">Generated_Source\PSoC5\ADC_current_IRQ.c</File>
          <File BuildType="BUILD" Toolchain="">Generated_Source\PSoC5\ADC_current_IRQ.h</File>
          <File BuildType="BUILD" Toolchain="">Generated_Source\PSoC5\ADC_current_Bypass_aliases.h</File>
          <File BuildType="BUILD" Toolchain="">Generated_Source\PSoC5\ADC_current_Bypass.c</File>
          <File BuildType="BUILD" Toolchain="">Generated_Source\PSoC5\ADC_current_Bypass.h</File>
          <File BuildType="BUILD" Toolchain="">Generated_Source\PSoC5\I_eff_aliases.h</File>
          <File BuildType="BUILD" Toolchain="">Generated_Source\PSoC5\I_eff.c</File>
          <File BuildType="BUILD" Toolchain="">Generated_Source\PSoC5\I_eff.h</File>
          <File BuildType="BUILD" Toolchain="">Generated_Source\PSoC5\interrupt_Ieff.c</File>
          <File BuildType="BUILD" Toolchain="">Generated_Source\PSoC5\interrupt_Ieff.h</File>
          <File BuildType="BUILD" Toolchain="">Generated_Source\PSoC5\CAN_EN_aliases.h</File>
          <File BuildType="BUILD" Toolchain="">Generated_Source\PSoC5\CAN_EN.c</File>
          <File BuildType="BUILD" Toolchain="">Generated_Source\PSoC5\CAN_EN.h</File>
          <File BuildType="BUILD" Toolchain="">Generated_Source\PSoC5\PWM2_aliases.h</File>
          <File BuildType="BUILD" Toolchain="">Generated_Source\PSoC5\PWM2.c</File>
          <File BuildType="BUILD" Toolchain="">Generated_Source\PSoC5\PWM2.h</File>
          <File BuildType="BUILD" Toolchain="">Generated_Source\PSoC5\interrupt_T_defaut.c</File>
          <File BuildType="BUILD" Toolchain="">Generated_Source\PSoC5\interrupt_T_defaut.h</File>
          <File BuildType="BUILD" Toolchain="">Generated_Source\PSoC5\I_zero_aliases.h</File>
          <File BuildType="BUILD" Toolchain="">Generated_Source\PSoC5\I_zero.c</File>
          <File BuildType="BUILD" Toolchain="">Generated_Source\PSoC5\I_zero.h</File>
          <File BuildType="BUILD" Toolchain="">Generated_Source\PSoC5\Clock_Icmd.c</File>
          <File BuildType="BUILD" Toolchain="">Generated_Source\PSoC5\Clock_Icmd.h</File>
          <File BuildType="BUILD" Toolchain="">Generated_Source\PSoC5\Counter_1.c</File>
          <File BuildType="BUILD" Toolchain="">Generated_Source\PSoC5\Counter_1.h</File>
          <File BuildType="BUILD" Toolchain="">Generated_Source\PSoC5\Counter_1_PM.c</File>
          <File BuildType="BUILD" Toolchain="">Generated_Source\PSoC5\Clock_Idef.c</File>
          <File BuildType="BUILD" Toolchain="">Generated_Source\PSoC5\Clock_Idef.h</File>
          <File BuildType="BUILD" Toolchain="">Generated_Source\PSoC5\Counter_2.c</File>
          <File BuildType="BUILD" Toolchain="">Generated_Source\PSoC5\Counter_2.h</File>
          <File BuildType="BUILD" Toolchain="">Generated_Source\PSoC5\Counter_2_PM.c</File>
          <File BuildType="BUILD" Toolchain="">Generated_Source\PSoC5\Clock_pwm1.c</File>
          <File BuildType="BUILD" Toolchain="">Generated_Source\PSoC5\Clock_pwm1.h</File>
          <File BuildType="BUILD" Toolchain="">Generated_Source\PSoC5\Clock_pwm2.c</File>
          <File BuildType="BUILD" Toolchain="">Generated_Source\PSoC5\Clock_pwm2.h</File>
          <File BuildType="BUILD" Toolchain="">Generated_Source\PSoC5\ADC_SAR_defaut.c</File>
          <File BuildType="BUILD" Toolchain="">Generated_Source\PSoC5\ADC_SAR_defaut.h</File>
          <File BuildType="BUILD" Toolchain="">Generated_Source\PSoC5\ADC_SAR_defaut_PM.c</File>
          <File BuildType="BUILD" Toolchain="">Generated_Source\PSoC5\ADC_SAR_defaut_INT.c</File>
          <File BuildType="BUILD" Toolchain="">Generated_Source\PSoC5\ADC_SAR_defaut_SAR.c</File>
          <File BuildType="BUILD" Toolchain="">Generated_Source\PSoC5\ADC_SAR_defaut_SAR.h</File>
          <File BuildType="BUILD" Toolchain="">Generated_Source\PSoC5\ADC_SAR_defaut_SAR_INT.c</File>
          <File BuildType="BUILD" Toolchain="">Generated_Source\PSoC5\ADC_SAR_defaut_SAR_PM.c</File>
          <File BuildType="BUILD" Toolchain="">Generated_Source\PSoC5\ADC_SAR_defaut_IntClock.c</File>
          <File BuildType="BUILD" Toolchain="">Generated_Source\PSoC5\ADC_SAR_defaut_IntClock.h</File>
          <File BuildType="BUILD" Toolchain="">Generated_Source\PSoC5\ADC_SAR_defaut_TempBuf_dma.c</File>
          <File BuildType="BUILD" Toolchain="">Generated_Source\PSoC5\ADC_SAR_defaut_TempBuf_dma.h</File>
          <File BuildType="BUILD" Toolchain="">Generated_Source\PSoC5\ADC_SAR_defaut_FinalBuf_dma.c</File>
          <File BuildType="BUILD" Toolchain="">Generated_Source\PSoC5\ADC_SAR_defaut_FinalBuf_dma.h</File>
          <File BuildType="BUILD" Toolchain="">Generated_Source\PSoC5\ADC_SAR_defaut_IRQ.c</File>
          <File BuildType="BUILD" Toolchain="">Generated_Source\PSoC5\ADC_SAR_defaut_IRQ.h</File>
          <File BuildType="BUILD" Toolchain="">Generated_Source\PSoC5\debut_current_defaut.c</File>
          <File BuildType="BUILD" Toolchain="">Generated_Source\PSoC5\debut_current_defaut.h</File>
          <File BuildType="BUILD" Toolchain="">Generated_Source\PSoC5\detect_front_descendant.c</File>
          <File BuildType="BUILD" Toolchain="">Generated_Source\PSoC5\detect_front_descendant.h</File>
          <File BuildType="BUILD" Toolchain="">Generated_Source\PSoC5\detect_front_montant.c</File>
          <File BuildType="BUILD" Toolchain="">Generated_Source\PSoC5\detect_front_montant.h</File>
          <File BuildType="BUILD" Toolchain="">Generated_Source\PSoC5\fin_current_defaut_1.c</File>
          <File BuildType="BUILD" Toolchain="">Generated_Source\PSoC5\fin_current_defaut_1.h</File>
        </Files>
      </Folder>
      <Folder BuildType="STRICT" Path="C:\Users\eleves\Documents\PSoC Creator\ProjetAEI\ProjetAEI.cydsn\Export\ARM_GCC_Generic">
        <Files Root="C:\Users\eleves\Documents\PSoC Creator\ProjetAEI\ProjetAEI.cydsn">
          <File BuildType="BUILD" Toolchain="ARM GCC Generic">.\Export\ARM_GCC_Generic\CyComponentLibrary.a</File>
        </Files>
      </Folder>
      <Folder BuildType="STRICT" Path="C:\Users\eleves\Documents\PSoC Creator\ProjetAEI\ProjetAEI.cydsn\Export\ARM_MDK_Generic">
        <Files Root="C:\Users\eleves\Documents\PSoC Creator\ProjetAEI\ProjetAEI.cydsn">
          <File BuildType="BUILD" Toolchain="ARM MDK Generic">.\Export\ARM_MDK_Generic\CyComponentLibrary.a</File>
        </Files>
      </Folder>
      <Folder BuildType="STRICT" Path="C:\Users\eleves\Documents\PSoC Creator\ProjetAEI\ProjetAEI.cydsn\Export\ARM_IAR_Generic">
        <Files Root="C:\Users\eleves\Documents\PSoC Creator\ProjetAEI\ProjetAEI.cydsn">
          <File BuildType="BUILD" Toolchain="ARM IAR Generic">.\Export\ARM_IAR_Generic\CyComponentLibrary.a</File>
        </Files>
      </Folder>
      <Folder BuildType="EXCLUDE" Path=".\codegentemp">
        <Files Root="C:\Users\eleves\Documents\PSoC Creator\ProjetAEI\ProjetAEI.cydsn" />
      </Folder>
      <Folder BuildType="EXCLUDE" Path=".\ARM_GCC_441">
        <Files Root="C:\Users\eleves\Documents\PSoC Creator\ProjetAEI\ProjetAEI.cydsn" />
      </Folder>
      <Folder BuildType="EXCLUDE" Path=".\ARM_GCC_473">
        <Files Root="C:\Users\eleves\Documents\PSoC Creator\ProjetAEI\ProjetAEI.cydsn" />
      </Folder>
      <Folder BuildType="EXCLUDE" Path=".\DP8051_Keil_952">
        <Files Root="C:\Users\eleves\Documents\PSoC Creator\ProjetAEI\ProjetAEI.cydsn" />
      </Folder>
      <Folder BuildType="EXCLUDE" Path=".\DP8051">
        <Files Root="C:\Users\eleves\Documents\PSoC Creator\ProjetAEI\ProjetAEI.cydsn" />
      </Folder>
      <Folder BuildType="EXCLUDE" Path=".\CortexM0">
        <Files Root="C:\Users\eleves\Documents\PSoC Creator\ProjetAEI\ProjetAEI.cydsn" />
      </Folder>
      <Folder BuildType="EXCLUDE" Path=".\CortexM0p">
        <Files Root="C:\Users\eleves\Documents\PSoC Creator\ProjetAEI\ProjetAEI.cydsn" />
      </Folder>
      <Folder BuildType="EXCLUDE" Path=".\CortexM3">
        <Files Root="C:\Users\eleves\Documents\PSoC Creator\ProjetAEI\ProjetAEI.cydsn" />
      </Folder>
      <Folder BuildType="EXCLUDE" Path=".\CortexM4">
        <Files Root="C:\Users\eleves\Documents\PSoC Creator\ProjetAEI\ProjetAEI.cydsn" />
      </Folder>
      <Folder BuildType="EXCLUDE" Path=".\CortexM7">
        <Files Root="C:\Users\eleves\Documents\PSoC Creator\ProjetAEI\ProjetAEI.cydsn" />
      </Folder>
    </Folders>
  </Project>
</PSoCCreatorIdeExport>